"original_text","perturbed_text","original_score","perturbed_score","original_output","perturbed_output","ground_truth_output","num_queries","result_type"
"how [[far]] is it from [[denver]] to aspen ?","how [[close]] is it from [[mountain]] to aspen ?",0.22715842723846436,0.5192181468009949,5,5,5,23,"Failed"
"what [[county]] is modesto , california in ?","what [[not]] is modesto , california in ?",0.10821837186813354,0.44169336557388306,4,4,4,25,"Failed"
"who was galileo ?","who was galileo ?",0.06274533271789551,0.06274533271789551,3,3,3,2,"Failed"
"what is an [[atom]] ?","what is an [[atoms]] ?",0.49256813526153564,0.5766607522964478,2,1,2,3,"Successful"
"when did hawaii become a [[state]] ?","when did hawaii become a [[dream]] ?",0.48699355125427246,0.7055063247680664,5,5,5,48,"Failed"
"how tall is the sears [[building]] ?","how tall is the sears [[guy]] ?",0.17566978931427002,0.47439903020858765,5,5,5,48,"Failed"
"george bush purchased a small interest in which baseball [[team]] ?","george bush purchased a small interest in which baseball [[of]] ?",0.5966627597808838,0.8157630562782288,3,1,3,48,"Successful"
"what is [[australia]] 's national flower ?","what is [[nsw]] 's national flower ?",0.5568225383758545,0.6355676651000977,1,4,1,11,"Successful"
"why does the [[moon]] turn orange ?","why does the [[planet]] turn orange ?",0.2024909257888794,0.27035754919052124,2,2,2,9,"Failed"
"what is autism ?","what is autism ?",0.23469328880310059,0.23469328880310059,2,2,2,2,"Failed"
"what [[city]] had a world fair in 1900 ?","what [[times]] had a world fair in 1900 ?",0.1243085265159607,0.8953613042831421,4,5,4,26,"Successful"
"what [[person]] 's head is on a dime ?","what [[somebody]] 's head is on a dime ?",0.16012346744537354,0.9472556710243225,3,0,3,21,"Successful"
"what is the average weight of a yellow [[labrador]] ?","what is the average weight of a yellow [[coat]] ?",0.012002170085906982,0.047656118869781494,5,5,5,14,"Failed"
"who was the first man to [[fly]] across the pacific [[ocean]] ?","who was the first man to [[bat]] across the pacific [[pacific]] ?",0.05917435884475708,0.07626473903656006,3,3,3,60,"Failed"
"when did [[idaho]] become a state ?","when did [[oregon]] become a state ?",0.45024746656417847,0.49639880657196045,5,5,5,5,"Failed"
"what is the [[life]] expectancy for crickets ?","what is the [[great]] expectancy for crickets ?",0.02853691577911377,0.6297767162322998,5,5,5,44,"Failed"
"what metal has the highest melting point ?","what metal has the highest melting point ?",0.8163300156593323,0.8163300156593323,5,5,1,1,"Skipped"
"who developed the vaccination against [[polio]] ?","who developed the vaccination against [[pole]] ?",0.0822058916091919,0.11907088756561279,3,3,3,44,"Failed"
"what is epilepsy ?","what is epilepsy ?",0.30792468786239624,0.30792468786239624,2,2,2,2,"Failed"
"what [[year]] did the titanic sink ?","what [[one]] did the titanic sink ?",0.09516972303390503,0.9494853019714355,5,3,5,36,"Successful"
"who was the first american to walk in [[space]] ?","who was the first american to walk in [[the]] ?",0.054161667823791504,0.6780186891555786,3,4,3,33,"Successful"
"what is a biosphere ?","what is a biosphere ?",0.6912539005279541,0.6912539005279541,1,1,2,1,"Skipped"
"what river in the us is [[known]] as the big [[muddy]] ?","what river in the us is [[like]] as the big [[what]] ?",0.25005704164505005,0.6872166395187378,4,4,4,85,"Failed"
"what is bipolar [[disorder]] ?","what is bipolar [[who]] ?",0.22001326084136963,0.9418237209320068,2,3,2,40,"Successful"
"what is cholesterol ?","what is cholesterol ?",0.44595617055892944,0.44595617055892944,2,2,2,2,"Failed"
"who developed the [[macintosh]] computer ?","who developed the [[what]] computer ?",0.08499324321746826,0.18051272630691528,3,3,3,7,"Failed"
"what is caffeine ?","what is caffeine ?",0.709620475769043,0.709620475769043,1,1,2,1,"Skipped"
"what [[imaginary]] line is halfway between the north and south poles ?","what [[any]] line is halfway between the north and south poles ?",0.48274320363998413,0.7970559597015381,4,5,4,42,"Successful"
"where is john wayne [[airport]] ?","where is john wayne [[today]] ?",0.02834385633468628,0.8438472747802734,4,3,4,33,"Successful"
"what [[hemisphere]] is the philippines in ?","what [[d]] is the philippines in ?",0.3334251046180725,0.5546098947525024,4,4,4,19,"Failed"
"what is the average speed of the [[horses]] at the kentucky [[derby]] ?","what is the average speed of the [[hooves]] at the kentucky [[equivalent]] ?",0.013695776462554932,0.21214354038238525,5,5,5,58,"Failed"
"where are the rocky [[mountains]] ?","where are the rocky [[slopes]] ?",0.037815630435943604,0.08082109689712524,4,4,4,12,"Failed"
"what are invertebrates ?","what are invertebrates ?",0.3267616629600525,0.3267616629600525,2,2,2,2,"Failed"
"what is the [[temperature]] at the center of the earth ?","what is the [[heated]] at the center of the earth ?",0.015746116638183594,0.7493683099746704,5,1,5,31,"Successful"
"when did john [[f]]. [[kennedy]] get elected as president ?","when did john [[joe]]. [[1963]] get elected as president ?",0.3245803117752075,0.6497485041618347,5,3,5,54,"Successful"
"how [[old]] was elvis presley when he [[died]] ?","how [[young]] was elvis presley when he [[murdered]] ?",0.043808698654174805,0.6256617307662964,5,5,5,57,"Failed"
"where is the [[orinoco]] river ?","where is the [[orino]][ river ?",0.036647260189056396,0.05775654315948486,4,4,4,49,"Failed"
"how [[far]] is the service line from the net in tennis ?","how [[route]] is the service line from the net in tennis ?",0.12195837497711182,0.7380770444869995,5,2,5,47,"Successful"
"how [[much]] fiber should you have [[per]] day ?","how [[and]] fiber should you have [[a]] day ?",0.020982742309570312,0.47316640615463257,5,5,5,48,"Failed"
"how many [[great]] lakes are there ?","how many [[fore]] lakes are there ?",0.25530362129211426,0.33097440004348755,5,5,5,44,"Failed"
"material called linen is [[made]] from what [[plant]] ?","material called linen is [[and]] from what [[something]] ?",0.3153531551361084,0.4845706820487976,1,1,1,61,"Failed"
"what is teflon ?","what is teflon ?",0.5985292196273804,0.5985292196273804,1,1,2,1,"Skipped"
"what is amitriptyline ?","what is amitriptyline ?",0.41676515340805054,0.41676515340805054,2,2,2,2,"Failed"
"what is a shaman ?","what is a shaman ?",0.5296542048454285,0.5296542048454285,2,2,2,2,"Failed"
"what is the proper [[name]] for a female walrus ?","what is the proper [[style]] for a female walrus ?",0.5532118678092957,0.7581200003623962,1,2,1,41,"Successful"
"what is a [[group]] of turkeys called ?","what is a [[number]] of turkeys called ?",0.5199242830276489,0.8449918031692505,1,5,1,50,"Successful"
"how [[long]] did rip van winkle sleep ?","how [[well]] did rip van winkle sleep ?",0.10890984535217285,0.7747478485107422,5,2,5,43,"Successful"
"what are [[triglycerides]] ?","what are [[triglyceride]] ?",0.41169434785842896,0.4590532183647156,2,2,2,3,"Failed"
"how [[many]] liters in a gallon ?","how [[was]] liters in a gallon ?",0.0030254125595092773,0.2483764886856079,5,5,5,43,"Failed"
"what is the name of the chocolate company in san francisco ?","what is the name of the chocolate company in san francisco ?",0.8496246337890625,0.8496246337890625,1,1,3,1,"Skipped"
"what are amphibians ?","what are amphibians ?",0.6031671762466431,0.6031671762466431,1,1,2,1,"Skipped"
"who [[discovered]] x-rays ?","who [[for]] x-rays ?",0.08330702781677246,0.41735249757766724,3,3,3,30,"Failed"
"which comedian 's signature [[line]] is `` can we talk '' ?","which comedian 's signature [[sketch]] is `` can we talk '' ?",0.27122581005096436,0.5723559856414795,3,1,3,49,"Successful"
"what is fibromyalgia ?","what is fibromyalgia ?",0.265097439289093,0.265097439289093,2,2,2,2,"Failed"
"what is [[done]] with worn or outdated [[flags]] ?","what is [[have]] with worn or outdated [[flag]] ?",0.24818015098571777,0.6995807886123657,2,0,2,49,"Successful"
"what does cc in engines mean ?","what does cc in engines mean ?",0.7081186175346375,0.7081186175346375,0,0,2,1,"Skipped"
"when did elvis [[presley]] die ?","when did elvis [[man]] die ?",0.5587625503540039,0.6916525363922119,5,3,5,39,"Successful"
"what is the [[capital]] of yugoslavia ?","what is the [[cities]] of yugoslavia ?",0.13156503438949585,0.41751378774642944,4,4,4,9,"Failed"
"where is milan ?","where is milan ?",0.030262112617492676,0.030262112617492676,4,4,4,2,"Failed"
"what is the [[speed]] hummingbirds fly ?","what is the [[way]] hummingbirds fly ?",0.014624476432800293,0.9804202318191528,5,2,5,48,"Successful"
"what is the oldest [[city]] in the united states ?","what is the oldest [[one]] in the united states ?",0.094260573387146,0.7203948497772217,4,3,4,38,"Successful"
"what was w.c. fields ' [[real]] [[name]] ?","what was w.c. fields ' [[firm]] [[pseudonym]] ?",0.06334501504898071,0.23906934261322021,3,3,3,42,"Failed"
"what [[river]] flows between fargo , north dakota and moorhead , minnesota ?","what [[else]] flows between fargo , north dakota and moorhead , minnesota ?",0.1528332233428955,0.7130438685417175,4,1,4,50,"Successful"
"what do bats [[eat]] ?","what do bats [[of]] ?",0.3753851652145386,0.7056494951248169,1,4,1,32,"Successful"
"what [[state]] did the battle of bighorn take place in ?","what [[caliber]] did the battle of bighorn take place in ?",0.10464417934417725,0.9114104509353638,4,5,4,34,"Successful"
"who was [[abraham]] lincoln ?","who was [[where]] lincoln ?",0.0513039231300354,0.34339195489883423,3,3,3,45,"Failed"
"what do you [[call]] a newborn kangaroo ?","what do you [[know]] a newborn kangaroo ?",0.5665345191955566,0.6553428173065186,1,2,1,42,"Successful"
"what are spider [[veins]] ?","what are spider [[arteries]] ?",0.2385830283164978,0.43424999713897705,2,2,2,5,"Failed"
"what day and month did john [[lennon]] die ?","what day and month did john [[an]] die ?",0.4316898584365845,0.6271666884422302,5,5,5,36,"Failed"
"what [[strait]] separates north america from asia ?","what [[man]] separates north america from asia ?",0.13036251068115234,0.6696776151657104,4,3,4,45,"Successful"
"what is the [[population]] of seattle ?","what is the [[people]] of seattle ?",0.33984774351119995,0.9792059063911438,5,1,5,18,"Successful"
"how [[much]] was a ticket for the titanic ?","how [[well]] was a ticket for the titanic ?",0.008323073387145996,0.7094810009002686,5,1,5,47,"Successful"
"what is the [[largest]] [[city]] in the world ?","what is the [[most]] [[cities]] in the world ?",0.16273945569992065,0.7789169549942017,4,5,4,34,"Successful"
"what american composer wrote the music for [[``]] west side [[story]] '' ?","what american composer wrote the music for [[`]]{ west side [[3]] '' ?",0.10189807415008545,0.2624199390411377,3,3,3,95,"Failed"
"where is the [[mall]] of the [[america]] ?","where is the [[malls]] of the [[american]] ?",0.03524947166442871,0.06867802143096924,4,4,4,7,"Failed"
"what is the ph [[scale]] ?","what is the ph [[level]] ?",0.5266680121421814,0.9676852226257324,2,5,2,39,"Successful"
"what [[type]] of currency is used in australia ?","what [[amount]] of currency is used in australia ?",0.6095355749130249,0.9895681738853455,1,5,1,49,"Successful"
"how tall is the [[gateway]] [[arch]] in st. louis , mo ?","how tall is the [[fountain]] [[gate]] in st. louis , mo ?",0.22959864139556885,0.4528692960739136,5,5,5,55,"Failed"
"how much does the [[human]] [[adult]] female brain weigh ?","how much does the [[freaking]] [[idiot]] female brain weigh ?",0.004470765590667725,0.3296961188316345,5,5,5,70,"Failed"
"who was the first governor of [[alaska]] ?","who was the first governor of [[the]] ?",0.04891890287399292,0.6091328859329224,3,3,3,16,"Failed"
"what is a prism ?","what is a prism ?",0.5422564148902893,0.5422564148902893,1,1,2,1,"Skipped"
"when was the [[first]] liver transplant ?","when was the [[church]] liver transplant ?",0.29098284244537354,0.6065181493759155,5,5,5,49,"Failed"
"who was elected president of south africa in [[1994]] ?","who was elected president of south africa in [[what]] ?",0.05489170551300049,0.6261568069458008,3,3,3,45,"Failed"
"what is the [[population]] of china ?","what is the [[people]] of china ?",0.22098839282989502,0.92637699842453,5,3,5,8,"Successful"
"when was rosa parks born ?","when was rosa parks born ?",0.6967644691467285,0.6967644691467285,3,3,5,1,"Skipped"
"why is a ladybug [[helpful]] ?","why is a ladybug [[this]] ?",0.2069988250732422,0.7381948232650757,2,1,2,49,"Successful"
"what is amoxicillin ?","what is amoxicillin ?",0.4527910351753235,0.4527910351753235,2,2,2,2,"Failed"
"who was the first [[female]] united states representative ?","who was the first [[wnba]] united states representative ?",0.053821563720703125,0.08710372447967529,3,3,3,37,"Failed"
"what are [[xerophytes]] ?","what are [[xmophygroups]] ?",0.34913212060928345,0.42764097452163696,2,2,2,3,"Failed"
"what country did [[ponce]] de leon come from ?","what country did [[y]] de leon come from ?",0.5557608604431152,0.7585899829864502,4,3,4,45,"Successful"
"the u.s. department of treasury first issued paper currency for the u.s. during which war ?","the u.s. department of treasury first issued paper currency for the u.s. during which war ?",0.6803749799728394,0.6803749799728394,5,5,1,1,"Skipped"
"what is desktop [[publishing]] ?","what is desktop [[publishers]] ?",0.31406718492507935,0.4837103486061096,2,2,2,7,"Failed"
"what is the [[temperature]] of the sun 's surface ?","what is the [[warmer]] of the sun 's surface ?",0.01248544454574585,0.9558301568031311,5,1,5,39,"Successful"
"what [[year]] did canada join the united nations ?","what [[one]] did canada join the united nations ?",0.11195927858352661,0.8832564353942871,5,3,5,24,"Successful"
"what is the oldest university in the us ?","what is the oldest university in the us ?",0.9466959834098816,0.9466959834098816,4,4,3,1,"Skipped"
"where is prince edward [[island]] ?","where is prince edward [[other]] ?",0.028683960437774658,0.30922234058380127,4,4,4,38,"Failed"
"mercury , what [[year]] was it discovered ?","mercury , what [[when]] was it discovered ?",0.4882485866546631,0.7557448744773865,5,1,5,28,"Successful"
"what is [[cryogenics]] ?","what is [[cryogenic]]! ?",0.19759690761566162,0.6134476065635681,2,2,2,12,"Failed"
"what are [[coral]] reefs ?","what are [[reef]] reefs ?",0.581497073173523,0.6937088370323181,2,1,2,20,"Successful"
"what is the longest major league baseball-winning streak ?","what is the longest major league baseball-winning streak ?",0.9325810670852661,0.9325810670852661,5,5,1,1,"Skipped"
"what is [[neurology]] ?","what is [[neuro]], ?",0.24759972095489502,0.7397940158843994,2,1,2,11,"Successful"
"who [[invented]] the calculator ?","who [[designed]] the calculator ?",0.07803952693939209,0.1284109354019165,3,3,3,21,"Failed"
"how do you measure earthquakes ?","how do you measure earthquakes ?",0.6415609121322632,0.6415609121322632,5,5,2,1,"Skipped"
"who is duke [[ellington]] ?","who is duke [[that]] ?",0.051362574100494385,0.12271082401275635,3,3,3,6,"Failed"
"what [[county]] is phoenix , az in ?","what [[of]] is phoenix , az in ?",0.14346104860305786,0.22309613227844238,4,4,4,10,"Failed"
"what is a micron ?","what is a micron ?",0.9623024463653564,0.9623024463653564,5,5,2,1,"Skipped"
"the sun 's core , what is the [[temperature]] ?","the sun 's core , what is the [[heating]] ?",0.07883942127227783,0.9633867144584656,5,2,5,34,"Successful"
"what is the ohio state [[bird]] ?","what is the ohio state [[well]] ?",0.5886534452438354,0.78055739402771,1,4,1,27,"Successful"
"when were william shakespeare 's [[twins]] born ?","when were william shakespeare 's [[orphans]] born ?",0.5435077548027039,0.7154334187507629,5,3,5,36,"Successful"
"what is the highest [[dam]] in the u.s. ?","what is the highest [[in]] in the u.s. ?",0.21596628427505493,0.702189564704895,4,5,4,18,"Successful"
"what color is a poison [[arrow]] [[frog]] ?","what color is a poison [[age]] [[frogs]] ?",0.5155242085456848,0.5975072979927063,1,1,1,51,"Failed"
"what is acupuncture ?","what is acupuncture ?",0.1703280210494995,0.1703280210494995,2,2,2,2,"Failed"
"what is the [[length]] of the coastline of the state of alaska ?","what is the [[course]] of the coastline of the state of alaska ?",0.02085357904434204,0.9871508479118347,5,4,5,49,"Successful"
"what is the name of neil armstrong 's [[wife]] ?","what is the name of neil armstrong 's [[grave]] ?",0.05403083562850952,0.6950569152832031,3,4,3,49,"Successful"
"what is hawaii 's state [[flower]] ?","what is hawaii 's state [[name]] ?",0.5432526469230652,0.7614678144454956,1,4,1,32,"Successful"
"who won [[ms]]. american in 1989 ?","who won [[it]]. american in 1989 ?",0.09258508682250977,0.5504471063613892,3,3,3,47,"Failed"
"when did the hindenberg [[crash]] ?","when did the hindenberg [[wreck]] ?",0.349747896194458,0.4856022596359253,5,5,5,10,"Failed"
"what mineral helps prevent [[osteoporosis]] ?","what mineral helps prevent [[osteoporo]]? ?",0.3296450972557068,0.37542837858200073,1,1,1,45,"Failed"
"what was the last [[year]] that the chicago [[cubs]] won the world series ?","what was the last [[that]] that the chicago [[unions]] won the world series ?",0.20490729808807373,0.6594786643981934,5,5,5,59,"Failed"
"where is perth ?","where is perth ?",0.032297611236572266,0.032297611236572266,4,4,4,2,"Failed"
"what [[year]] did wwii begin ?","what [[when]] did wwii begin ?",0.07561469078063965,0.4428984522819519,5,5,5,10,"Failed"
"what is the [[diameter]] of a golf ball ?","what is the [[shape]] of a golf ball ?",0.004157125949859619,0.7286770939826965,5,1,5,32,"Successful"
"what is an eclipse ?","what is an eclipse ?",0.389679491519928,0.389679491519928,2,2,2,2,"Failed"
"who [[discovered]] america ?","who [[invented]] america ?",0.09222608804702759,0.09560191631317139,3,3,3,7,"Failed"
"what is the earth 's [[diameter]] ?","what is the earth 's [[radius]] ?",0.0023303627967834473,0.004015803337097168,5,5,5,4,"Failed"
"which [[president]] was unmarried ?","which [[presidency]] was unmarried ?",0.08982241153717041,0.5184530019760132,3,3,3,6,"Failed"
"how [[wide]] is the milky way galaxy ?","how [[what]] is the milky way galaxy ?",0.011797308921813965,0.9917799234390259,5,2,5,48,"Successful"
"during which season do most thunderstorms occur ?","during which season do most thunderstorms occur ?",0.6937999725341797,0.6937999725341797,1,1,5,1,"Skipped"
"what is wimbledon ?","what is wimbledon ?",0.8497070074081421,0.8497070074081421,4,4,2,1,"Skipped"
"what is the gestation period for a [[cat]] ?","what is the gestation period for a [[het]] ?",0.02537435293197632,0.4455263614654541,5,5,5,38,"Failed"
"how far is a nautical [[mile]] ?","how far is a nautical [[man]] ?",0.019215881824493408,0.45916444063186646,5,5,5,47,"Failed"
"who was the abolitionist who [[led]] the raid on harper 's [[ferry]] in [[1859]] ?","who was the abolitionist who [[was]] the raid on harper 's [[wreck]] in [[quote]] ?",0.06190764904022217,0.13214033842086792,3,3,3,115,"Failed"
"what does [[target]] heart rate mean ?","what does [[targets]] heart rate mean ?",0.2919563055038452,0.8159288167953491,2,5,2,45,"Successful"
"what was the first [[satellite]] to go into space ?","what was the first [[first]] to go into space ?",0.5868051052093506,0.8811528086662292,1,3,1,22,"Successful"
"what is foreclosure ?","what is foreclosure ?",0.22408902645111084,0.22408902645111084,2,2,2,2,"Failed"
"what is the major fault line near kentucky ?","what is the major fault line near kentucky ?",0.9334988594055176,0.9334988594055176,4,4,1,1,"Skipped"
"where is the [[holland]] tunnel ?","where is the [[dutch]] tunnel ?",0.028912901878356934,0.0464324951171875,4,4,4,6,"Failed"
"who wrote the hymn [[``]] amazing [[grace]] '' ?","who wrote the hymn [[`]]{ amazing [[of]] '' ?",0.08420217037200928,0.22546088695526123,3,3,3,96,"Failed"
"what position did willie davis play in [[baseball]] ?","what position did willie davis play in [[batting]] ?",0.447844922542572,0.6869859099388123,3,5,3,51,"Successful"
"what are [[platelets]] ?","what are [[platelet]] ?",0.45280349254608154,0.4895220994949341,2,2,2,3,"Failed"
"what is severance [[pay]] ?","what is severance [[paying]] ?",0.21811765432357788,0.7456189393997192,2,5,2,29,"Successful"
"what is the name of roy roger 's dog ?","what is the name of roy roger 's dog ?",0.7504502534866333,0.7504502534866333,3,3,1,1,"Skipped"
"where are the [[national]] archives ?","where are the [[country]] archives ?",0.05452483892440796,0.12094557285308838,4,4,4,6,"Failed"
"what is a [[baby]] turkey called ?","what is a [[of]] turkey called ?",0.5731956958770752,0.7293102741241455,1,4,1,35,"Successful"
"what is poliomyelitis ?","what is poliomyelitis ?",0.33876413106918335,0.33876413106918335,2,2,2,2,"Failed"
"what is the longest [[bone]] in the human body ?","what is the longest [[of]] in the human body ?",0.6974245309829712,0.8363603353500366,1,5,1,33,"Successful"
"who is a [[german]] philosopher ?","who is a [[von]] philosopher ?",0.06493180990219116,0.08629530668258667,3,3,3,9,"Failed"
"what were christopher [[columbus]] ' three ships ?","what were christopher [[explorers]] ' three ships ?",0.6508104205131531,0.6715881824493408,1,1,1,6,"Failed"
"what does phi [[beta]] kappa mean ?","what does phi [[alpha]] kappa mean ?",0.5587689280509949,0.7086799144744873,2,0,2,31,"Successful"
"what is nicotine ?","what is nicotine ?",0.47608256340026855,0.47608256340026855,2,2,2,2,"Failed"
"what is [[another]] [[name]] for vitamin b1 ?","what is [[his]] [[term]] for vitamin b1 ?",0.39630812406539917,0.5742250680923462,1,1,1,54,"Failed"
"who discovered [[radium]] ?","who discovered [[raformula]] ?",0.0745810866355896,0.10752475261688232,3,3,3,5,"Failed"
"what are [[sunspots]] ?","what are [[sunspot]], ?",0.4330689311027527,0.743636965751648,2,1,2,10,"Successful"
"when was [[algeria]] colonized ?","when was [[algiers]] colonized ?",0.47437942028045654,0.6066781282424927,5,5,5,5,"Failed"
"what baseball team was the first to make numbers part of their uniform ?","what baseball team was the first to make numbers part of their uniform ?",0.7749484181404114,0.7749484181404114,1,1,3,1,"Skipped"
"what [[continent]] is egypt on ?","what [[continents]] is egypt on ?",0.12007254362106323,0.22468972206115723,4,4,4,4,"Failed"
"what is the [[capital]] of mongolia ?","what is the [[capitals]] of mongolia ?",0.09451854228973389,0.27819061279296875,4,4,4,7,"Failed"
"what is [[nanotechnology]] ?","what is [[nanotech-]] ?",0.41896748542785645,0.5262399911880493,2,2,2,8,"Failed"
"in the late 1700 's british [[convicts]] were used to populate which colony ?","in the late 1700 's british [[these]] were used to populate which colony ?",0.38088977336883545,0.7214456796646118,4,1,4,47,"Successful"
"what [[state]] is the geographic center of the lower 48 states ?","what [[number]] is the geographic center of the lower 48 states ?",0.09019976854324341,0.9753867387771606,4,5,4,43,"Successful"
"what is an [[obtuse]] angle ?","what is an [[obxis]] angle ?",0.4935205578804016,0.6842136383056641,2,5,2,30,"Successful"
"what are [[polymers]] ?","what are [[polymer]] ?",0.2900322675704956,0.5676172971725464,2,1,2,3,"Successful"
"when is hurricane season in the caribbean ?","when is hurricane season in the caribbean ?",0.6659654974937439,0.6659654974937439,1,1,5,1,"Skipped"
"where is the [[volcano]] mauna loa ?","where is the [[magma]] mauna loa ?",0.03944897651672363,0.062248289585113525,4,4,4,15,"Failed"
"what is [[another]] [[astronomic]] term for the northern lights ?","what is [[your]] [[astronocoincidence]] term for the northern lights ?",0.5278515815734863,0.6436739563941956,1,1,1,98,"Failed"
"what [[peninsula]] is spain part of ?","what [[island]] is spain part of ?",0.1276577115058899,0.1490221619606018,4,4,4,5,"Failed"
"when was lyndon [[b]]. johnson born ?","when was lyndon [[of]]. johnson born ?",0.5489861369132996,0.6526515483856201,5,3,5,48,"Successful"
"what is acetaminophen ?","what is acetaminophen ?",0.5865830183029175,0.5865830183029175,1,1,2,1,"Skipped"
"what state has the [[least]] amount of rain per year ?","what state has the [[the]] amount of rain per year ?",0.425182044506073,0.8694915175437927,4,5,4,46,"Successful"
"who founded american red [[cross]] ?","who founded american red [[rescue]] ?",0.07538038492202759,0.13211214542388916,3,3,3,6,"Failed"
"what [[year]] did the milwaukee braves become the atlanta braves ?","what [[before]] did the milwaukee braves become the atlanta braves ?",0.1608070731163025,0.7774196863174438,5,1,5,52,"Successful"
"how [[fast]] is alcohol absorbed ?","how [[time]] is alcohol absorbed ?",0.08581703901290894,0.8217058777809143,5,2,5,18,"Successful"
"when is the [[summer]] solstice ?","when is the [[a]] solstice ?",0.5031774044036865,0.6861618161201477,5,1,5,43,"Successful"
"what is supernova ?","what is supernova ?",0.43791264295578003,0.43791264295578003,2,2,2,2,"Failed"
"where is the shawnee national [[forest]] ?","where is the shawnee national [[tree]] ?",0.03023505210876465,0.06381410360336304,4,4,4,18,"Failed"
"what u.s. state 's [[motto]] is `` live free or [[die]] '' ?","what u.s. state 's [[phrase]] is `` live free or [[marry]] '' ?",0.4468623399734497,0.6235173940658569,4,4,4,56,"Failed"
"where is the [[lourve]] ?","where is the [[lourking]] ?",0.06196802854537964,0.22057121992111206,4,4,4,44,"Failed"
"when was the [[first]] stamp issued ?","when was the [[same]] stamp issued ?",0.3185828924179077,0.6557746529579163,5,1,5,48,"Successful"
"what primary colors do you mix to make orange ?","what primary colors do you mix to make orange ?",0.8410145044326782,0.8410145044326782,5,5,1,1,"Skipped"
"how far is pluto from the [[sun]] ?","how far is pluto from the [[government]] ?",0.02376377582550049,0.44040852785110474,5,5,5,49,"Failed"
"what [[body]] of water are the canary islands in ?","what [[degree]] of water are the canary islands in ?",0.13384151458740234,0.7927348613739014,4,5,4,48,"Successful"
"what is neuropathy ?","what is neuropathy ?",0.26487118005752563,0.26487118005752563,2,2,2,2,"Failed"
"where is the euphrates [[river]] ?","where is the euphrates [[line]] ?",0.037847161293029785,0.13734179735183716,4,4,4,14,"Failed"
"what is cryptography ?","what is cryptography ?",0.37164443731307983,0.37164443731307983,2,2,2,2,"Failed"
"what is natural [[gas]] composed of ?","what is natural [[gases]] composed of ?",0.4964764714241028,0.534512996673584,1,1,1,5,"Failed"
"who is the prime minister of [[canada]] ?","who is the prime minister of [[following]] ?",0.0544360876083374,0.4309155344963074,3,3,3,35,"Failed"
"what french ruler was defeated at the [[battle]] of [[waterloo]] ?","what french ruler was defeated at the [[siege]] of [[the]] ?",0.0903247594833374,0.7808651924133301,3,4,3,43,"Successful"
"what is leukemia ?","what is leukemia ?",0.3452101945877075,0.3452101945877075,2,2,2,2,"Failed"
"where did howard hughes [[die]] ?","where did howard hughes [[get]] ?",0.11470478773117065,0.7077422142028809,4,3,4,46,"Successful"
"what is the birthstone for [[june]] ?","what is the birthstone for [[the]] ?",0.4962630271911621,0.7217148542404175,1,3,1,40,"Successful"
"what is the sales tax in minnesota ?","what is the sales tax in minnesota ?",0.9928131103515625,0.9928131103515625,5,5,1,1,"Skipped"
"what is the [[distance]] in miles from the earth to the [[sun]] ?","what is the [[miles]] in miles from the earth to the [[book]] ?",0.0069304704666137695,0.13313138484954834,5,5,5,54,"Failed"
"what is the average life span for a [[chicken]] ?","what is the average life span for a [[young]] ?",0.013705551624298096,0.05653810501098633,5,5,5,19,"Failed"
"when was the first [[wal-mart]] store opened ?","when was the first [[wal-like]] store opened ?",0.370400071144104,0.4770204424858093,5,5,5,50,"Failed"
"what is [[relative]] humidity ?","what is [[s]] humidity ?",0.43555378913879395,0.8888596892356873,2,5,2,24,"Successful"
"what [[city]] has the zip code of 35824 ?","what [[night]] has the zip code of 35824 ?",0.24539870023727417,0.8103978633880615,4,5,4,41,"Successful"
"what currency is used in algeria ?","what currency is used in algeria ?",0.6892046928405762,0.6892046928405762,4,4,1,1,"Skipped"
"who invented the hula [[hoop]] ?","who invented the hula [[to]] ?",0.08838313817977905,0.1514286994934082,3,3,3,40,"Failed"
"what was the most [[popular]] toy in [[1957]] ?","what was the most [[square]] toy in [[1958]] ?",0.38827359676361084,0.7227914929389954,1,1,1,52,"Failed"
"what is pastrami [[made]] of ?","what is pastrami [[is]] of ?",0.4841457009315491,0.6877174377441406,1,2,1,44,"Successful"
"what is the name of the [[satellite]] that the soviet union sent into space in 1957 ?","what is the name of the [[one]] that the soviet union sent into space in 1957 ?",0.536979079246521,0.8070186972618103,1,3,1,53,"Successful"
"what [[city]] 's newspaper is called `` the enquirer '' ?","what [[street]] 's newspaper is called `` the enquirer '' ?",0.5742071866989136,0.6664819717407227,4,1,4,44,"Successful"
"who invented the [[slinky]] ?","who invented the [[slink]]. ?",0.10720092058181763,0.15507328510284424,3,3,3,6,"Failed"
"what are the animals that don 't have [[backbones]] called ?","what are the animals that don 't have [[backbonehad]] called ?",0.43970149755477905,0.5271769165992737,1,1,1,55,"Failed"
"what is the [[melting]] [[point]] of copper ?","what is the [[molten]] [[element]] of copper ?",0.011317610740661621,0.8584710955619812,5,1,5,20,"Successful"
"where is the [[volcano]] olympus mons [[located]] ?","where is the [[other]] olympus mons [[made]] ?",0.06171482801437378,0.22373884916305542,4,4,4,47,"Failed"
"who was the 23rd [[president]] of the united states ?","who was the 23rd [[government]] of the united states ?",0.05251556634902954,0.31114643812179565,3,3,3,34,"Failed"
"what is the average body [[temperature]] ?","what is the average body [[warm]] ?",0.004418432712554932,0.020865440368652344,5,5,5,7,"Failed"
"what does a defibrillator do ?","what does a defibrillator do ?",0.25752466917037964,0.25752466917037964,2,2,2,2,"Failed"
"what is the [[effect]] of acid rain ?","what is the [[do]] of acid rain ?",0.15802723169326782,0.6136983633041382,2,1,2,47,"Successful"
"what [[year]] did the united states abolish the draft ?","what [[before]] did the united states abolish the draft ?",0.08642345666885376,0.7437871098518372,5,1,5,30,"Successful"
"how fast is the speed of [[light]] ?","how fast is the speed of [[meaning]] ?",0.0054465532302856445,0.35853487253189087,5,5,5,46,"Failed"
"what [[province]] is montreal in ?","what [[provinces]] is montreal in ?",0.10534793138504028,0.16337358951568604,4,4,4,5,"Failed"
"what new [[york]] city structure is also [[known]] as the twin towers ?","what new [[that]] city structure is also [[of]] as the twin towers ?",0.34237611293792725,0.7000519037246704,4,1,4,96,"Successful"
"what is [[fungus]] ?","what is [[fungi]] ?",0.5043018460273743,0.6869717836380005,2,1,2,4,"Successful"
"what is the most frequently spoken language in the netherlands ?","what is the most frequently spoken language in the netherlands ?",0.7602896690368652,0.7602896690368652,4,4,1,1,"Skipped"
"what is sodium chloride ?","what is sodium chloride ?",0.6939593553543091,0.6939593553543091,1,1,2,1,"Skipped"
"what are the spots on dominoes [[called]] ?","what are the spots on dominoes [[for]] ?",0.45618337392807007,0.7121691703796387,1,2,1,48,"Successful"
"how [[many]] pounds in a ton ?","how [[were]] pounds in a ton ?",0.0019645094871520996,0.1679280400276184,5,5,5,24,"Failed"
"what is [[influenza]] ?","what is [[flu]] ?",0.4097617268562317,0.4237874150276184,2,2,2,3,"Failed"
"what is ozone [[depletion]] ?","what is ozone [[theplein]] ?",0.13883453607559204,0.9691991806030273,2,4,2,51,"Successful"
"what [[year]] was the mona lisa painted ?","what [[the]] was the mona lisa painted ?",0.20262324810028076,0.9902626276016235,5,1,5,42,"Successful"
"what does `` sitting shiva '' mean ?","what does `` sitting shiva '' mean ?",0.5682422518730164,0.5682422518730164,0,0,2,1,"Skipped"
"what is the electrical output in madrid , spain ?","what is the electrical output in madrid , spain ?",0.9856964349746704,0.9856964349746704,5,5,1,1,"Skipped"
"which [[mountain]] [[range]] in north america stretches from maine to georgia ?","which [[chain]] [[is]] in north america stretches from maine to georgia ?",0.21472805738449097,0.5822799801826477,4,1,4,90,"Successful"
"what is plastic [[made]] of ?","what is plastic [[in]] of ?",0.48158591985702515,0.7695402503013611,1,5,1,46,"Successful"
"what is the [[population]] of nigeria ?","what is the [[people]] of nigeria ?",0.2210596203804016,0.9499808549880981,5,3,5,16,"Successful"
"what does your spleen do ?","what does your spleen do ?",0.2711840271949768,0.2711840271949768,2,2,2,2,"Failed"
"where is the [[grand]] canyon ?","where is the [[canyon]] canyon ?",0.029925763607025146,0.08365243673324585,4,4,4,17,"Failed"
"who invented the [[telephone]] ?","who invented the [[number]] ?",0.06572592258453369,0.1228257417678833,3,3,3,10,"Failed"
"what [[year]] did the u.s. buy alaska ?","what [[of]] did the u.s. buy alaska ?",0.11350589990615845,0.9419614672660828,5,3,5,25,"Successful"
"what is the name of the [[leader]] of ireland ?","what is the name of the [[top]] of ireland ?",0.08123964071273804,0.9592136144638062,3,4,3,41,"Successful"
"what is phenylalanine ?","what is phenylalanine ?",0.7209267616271973,0.7209267616271973,1,1,2,1,"Skipped"
"how [[many]] gallons of [[water]] are there in a cubic foot ?","how [[was]] gallons of [[and]] are there in a cubic foot ?",0.005384504795074463,0.115589439868927,5,5,5,63,"Failed"
"what are the [[two]] houses of the legislative branch ?","what are the [[versus]] houses of the legislative branch ?",0.6303825974464417,0.7234724760055542,1,2,1,43,"Successful"
"what is sonar ?","what is sonar ?",0.5367377996444702,0.5367377996444702,2,2,2,2,"Failed"
"in poland , where do most people [[live]] ?","in poland , where do most people [[do]] ?",0.27231788635253906,0.7843480110168457,4,2,4,51,"Successful"
"what is phosphorus ?","what is phosphorus ?",0.7583550810813904,0.7583550810813904,1,1,2,1,"Skipped"
"what is the [[location]] of the sea of tranquility ?","what is the [[moment]] of the sea of tranquility ?",0.04489278793334961,0.7436718940734863,4,5,4,41,"Successful"
"how [[fast]] is sound ?","how [[quick]] is sound ?",0.035057783126831055,0.2325969934463501,5,5,5,10,"Failed"
"what french [[province]] is cognac produced in ?","what french [[style]] is cognac produced in ?",0.1978205442428589,0.6608754396438599,4,4,4,38,"Failed"
"what is valentine 's [[day]] ?","what is valentine 's [[today]] ?",0.6574912071228027,0.9206921458244324,2,5,2,42,"Successful"
"what [[causes]] gray hair ?","what [[can]] gray hair ?",0.3385363221168518,0.7575681209564209,2,1,2,34,"Successful"
"what is hypertension ?","what is hypertension ?",0.30593448877334595,0.30593448877334595,2,2,2,2,"Failed"
"what is bandwidth ?","what is bandwidth ?",0.4678959846496582,0.4678959846496582,2,2,2,2,"Failed"
"what is the longest suspension [[bridge]] in the u.s. ?","what is the longest suspension [[that]] in the u.s. ?",0.19596701860427856,0.7608470916748047,4,5,4,26,"Successful"
"what is a [[parasite]] ?","what is a [[parasites]] ?",0.4902048110961914,0.559394896030426,2,1,2,4,"Successful"
"what is [[home]] equity ?","what is [[any]] equity ?",0.28265225887298584,0.6652567982673645,2,0,2,19,"Successful"
"what do [[meteorologists]] do ?","what do [[meteorology]] do ?",0.29699021577835083,0.4119347929954529,2,2,2,4,"Failed"
"what is the criterion for being legally blind ?","what is the criterion for being legally blind ?",0.8718684911727905,0.8718684911727905,5,5,1,1,"Skipped"
"who is the tallest [[man]] in the [[world]] ?","who is the tallest [[thing]] in the [[planet]] ?",0.07652020454406738,0.6707829236984253,3,1,3,57,"Successful"
"what are the twin [[cities]] ?","what are the twin [[towns]] ?",0.22791612148284912,0.48344677686691284,4,4,4,4,"Failed"
"what did edward binney and howard smith invent in 1903 ?","what did edward binney and howard smith invent in 1903 ?",0.5899683237075806,0.5899683237075806,3,3,1,1,"Skipped"
"what is the statue of liberty made of ?","what is the statue of liberty made of ?",0.7167584896087646,0.7167584896087646,2,2,1,1,"Skipped"
"what is pilates ?","what is pilates ?",0.27016645669937134,0.27016645669937134,2,2,2,2,"Failed"
"what planet is known as the `` red '' planet ?","what planet is known as the `` red '' planet ?",0.6299580931663513,0.6299580931663513,1,1,4,1,"Skipped"
"what is the [[depth]] of the nile river ?","what is the [[deepest]] of the nile river ?",0.013373851776123047,0.9215493202209473,5,4,5,49,"Successful"
"what is the colorful korean traditional dress called ?","what is the colorful korean traditional dress called ?",0.7534285187721252,0.7534285187721252,2,2,1,1,"Skipped"
"what is mardi gras ?","what is mardi gras ?",0.5776859521865845,0.5776859521865845,2,2,2,3,"Failed"
"mexican [[pesos]] are [[worth]] what in u.s. dollars ?","mexican [[pewhich]] are [[for]] what in u.s. dollars ?",0.014425694942474365,0.35994189977645874,5,5,5,74,"Failed"
"who was the first african american to play for the [[brooklyn]] [[dodgers]] ?","who was the first african american to play for the [[baseball]] [[in]] ?",0.0677649974822998,0.3284393548965454,3,3,3,59,"Failed"
"who was the first prime [[minister]] of [[canada]] ?","who was the first prime [[pm]] of [[canadian]] ?",0.04851257801055908,0.09066331386566162,3,3,3,28,"Failed"
"how [[many]] admirals are there in the [[u]].s. navy ?","how [[who]] admirals are there in the [[b]].s. navy ?",0.03012746572494507,0.8240248560905457,5,3,5,81,"Successful"
"what instrument did glenn miller play ?","what instrument did glenn miller play ?",0.8217117786407471,0.8217117786407471,3,3,1,1,"Skipped"
"how [[old]] was joan of arc when she died ?","how [[what]] was joan of arc when she died ?",0.11749708652496338,0.9769997000694275,5,3,5,47,"Successful"
"what does the word fortnight mean ?","what does the word fortnight mean ?",0.7795392274856567,0.7795392274856567,0,0,2,1,"Skipped"
"what is dianetics ?","what is dianetics ?",0.5463478565216064,0.5463478565216064,2,2,2,2,"Failed"
"what is the [[capital]] of ethiopia ?","what is the [[capitals]] of ethiopia ?",0.12335193157196045,0.26934564113616943,4,4,4,6,"Failed"
"for how [[long]] is an elephant pregnant ?","for how [[itself]] is an elephant pregnant ?",0.054510533809661865,0.8685266375541687,5,2,5,45,"Successful"
"how did janice joplin [[die]] ?","how did janice joplin [[do]] ?",0.46592462062835693,0.7109198570251465,2,3,2,45,"Successful"
"what is the primary language in iceland ?","what is the primary language in iceland ?",0.7566044926643372,0.7566044926643372,4,4,1,1,"Skipped"
"what is the [[difference]] between am radio stations and fm radio stations ?","what is the [[thing]] between am radio stations and fm radio stations ?",0.19152456521987915,0.7462013959884644,2,1,2,52,"Successful"
"what is osteoporosis ?","what is osteoporosis ?",0.2639757990837097,0.2639757990837097,2,2,2,2,"Failed"
"who was the [[first]] [[woman]] governor in the u.s. ?","who was the [[1st]] [[two]] governor in the u.s. ?",0.061614394187927246,0.09716653823852539,3,3,3,46,"Failed"
"what is peyote ?","what is peyote ?",0.515658974647522,0.515658974647522,2,2,2,2,"Failed"
"what is the esophagus [[used]] for ?","what is the esophagus [[called]] for ?",0.5010401010513306,0.6731610298156738,2,1,2,46,"Successful"
"what is viscosity ?","what is viscosity ?",0.4345073699951172,0.4345073699951172,2,2,2,2,"Failed"
"what [[year]] did oklahoma become a state ?","what [[before]] did oklahoma become a state ?",0.1766291856765747,0.7341673970222473,5,1,5,30,"Successful"
"what is the [[abbreviation]] for texas ?","what is the [[acronym]] for texas ?",0.519484281539917,0.5858969688415527,0,1,0,9,"Successful"
"what is a mirror [[made]] out of ?","what is a mirror [[held]] out of ?",0.4301795959472656,0.7754499912261963,1,0,1,43,"Successful"
"where on the body is a [[mortarboard]] [[worn]] ?","where on the body is a [[mortarsaw]] [[wore]] ?",0.4236682057380676,0.6642148494720459,4,1,4,48,"Successful"
"what was j.f.k. 's wife 's [[name]] ?","what was j.f.k. 's wife 's [[number]] ?",0.07809621095657349,0.8089178204536438,3,5,3,46,"Successful"
"what does i.v. [[stand]] for ?","what does i.v. [[t]] for ?",0.4919480085372925,0.6475182175636292,0,0,0,10,"Failed"
"what is the chunnel ?","what is the chunnel ?",0.7815344929695129,0.7815344929695129,4,4,2,1,"Skipped"
"where is hitler [[buried]] ?","where is hitler [[for]] ?",0.10013782978057861,0.7739244103431702,4,3,4,46,"Successful"
"what are [[antacids]] ?","what are [[antacid]] ?",0.44838327169418335,0.48552441596984863,2,2,2,3,"Failed"
"what is pulmonary [[fibrosis]] ?","what is pulmonary [[fibrofor]] ?",0.3049479126930237,0.5016998052597046,2,2,2,45,"Failed"
"what are quaaludes ?","what are quaaludes ?",0.338941752910614,0.338941752910614,2,2,2,2,"Failed"
"what is naproxen ?","what is naproxen ?",0.4797503352165222,0.4797503352165222,2,2,2,2,"Failed"
"what is strep [[throat]] ?","what is strep [[up]] ?",0.2909531593322754,0.7952713370323181,2,0,2,30,"Successful"
"what is the [[largest]] [[city]] in the u.s. ?","what is the [[most]] [[cities]] in the u.s. ?",0.1428017020225525,0.7473273277282715,4,5,4,37,"Successful"
"what is foot and mouth disease ?","what is foot and mouth disease ?",0.736804187297821,0.736804187297821,2,2,1,1,"Skipped"
"what is the life expectancy of a [[dollar]] bill ?","what is the life expectancy of a [[meaningful]] bill ?",0.03877222537994385,0.281602680683136,5,5,5,20,"Failed"
"what do you call a professional map drawer ?","what do you call a professional map drawer ?",0.8243234157562256,0.8243234157562256,3,3,1,1,"Skipped"
"what are [[aborigines]] ?","what are [[aborigine]] ?",0.6841627359390259,0.6955153942108154,2,2,2,3,"Failed"
"what is hybridization ?","what is hybridization ?",0.2625061869621277,0.2625061869621277,2,2,2,3,"Failed"
"what [[color]] is indigo ?","what [[shade]] is indigo ?",0.5701885223388672,0.9226914048194885,1,5,1,11,"Successful"
"how old do you have to be in [[order]] to [[rent]] a car in italy ?","how old do you have to be in [[it]] to [[dream]] a car in italy ?",0.07443779706954956,0.5151039958000183,5,5,5,96,"Failed"
"what does a barometer measure ?","what does a barometer measure ?",0.5835199356079102,0.5835199356079102,2,2,1,1,"Skipped"
"what [[color]] is a giraffe 's tongue ?","what [[colors]] is a giraffe 's tongue ?",0.5546420812606812,0.7826436758041382,1,5,1,23,"Successful"
"what does usps stand for ?","what does usps stand for ?",0.6759318709373474,0.6759318709373474,1,1,0,1,"Skipped"
"what [[year]] did the nfl go on strike ?","what [[one]] did the nfl go on strike ?",0.1171155571937561,0.9530839920043945,5,3,5,34,"Successful"
"what is solar [[wind]] ?","what is solar [[up]] ?",0.3277323842048645,0.7119113206863403,2,0,2,24,"Successful"
"what [[date]] did neil armstrong land on the moon ?","what [[point]] did neil armstrong land on the moon ?",0.13974738121032715,0.6444341540336609,5,4,5,48,"Successful"
"when was [[hiroshima]] bombed ?","when was [[bombs]] bombed ?",0.3282838463783264,0.7194103002548218,5,3,5,10,"Successful"
"where is the savannah [[river]] ?","where is the savannah [[man]] ?",0.03311711549758911,0.3187182545661926,4,4,4,31,"Failed"
"who was the [[first]] [[woman]] killed in the vietnam war ?","who was the [[top]] [[thing]] killed in the vietnam war ?",0.08139455318450928,0.6883640289306641,3,1,3,91,"Successful"
"what [[planet]] has the strongest magnetic field of all the planets ?","what [[planets]] has the strongest magnetic field of all the planets ?",0.6086328029632568,0.6917456984519958,4,1,4,52,"Successful"
"who is the governor of [[alaska]] ?","who is the governor of [[arctic]] ?",0.05656081438064575,0.3035743832588196,3,3,3,7,"Failed"
"what [[year]] did mussolini seize power in italy ?","what [[of]] did mussolini seize power in italy ?",0.1314316987991333,0.9647984504699707,5,3,5,49,"Successful"
"what is the [[capital]] of persia ?","what is the [[cities]] of persia ?",0.2328910231590271,0.4353969693183899,4,4,4,7,"Failed"
"where is the eiffel [[tower]] ?","where is the eiffel [[set]] ?",0.053527653217315674,0.3841577172279358,4,4,4,28,"Failed"
"how many hearts does an [[octopus]] have ?","how many hearts does an [[squid]] have ?",0.06171387434005737,0.06670188903808594,5,5,5,6,"Failed"
"what is pneumonia ?","what is pneumonia ?",0.3587793707847595,0.3587793707847595,2,2,2,2,"Failed"
"what is the deepest [[lake]] in the us ?","what is the deepest [[water]] in the us ?",0.09596234560012817,0.22491657733917236,4,4,4,12,"Failed"
"what is a [[fuel]] cell ?","what is a [[fuels]] cell ?",0.3620966076850891,0.5774186849594116,2,1,2,6,"Successful"
"who was the first u.s. president to [[appear]] on [[tv]] ?","who was the first u.s. president to [[obama]] on [[what]] ?",0.07448792457580566,0.4566360116004944,3,3,3,81,"Failed"
"where is the little league [[museum]] ?","where is the little league [[smithsonian]] ?",0.056843698024749756,0.10730135440826416,4,4,4,8,"Failed"
"what are the two [[types]] of twins ?","what are the two [[sets]] of twins ?",0.5255832076072693,0.7772241830825806,1,3,1,37,"Successful"
"what is the brightest star ?","what is the brightest star ?",0.7472072839736938,0.7472072839736938,1,1,4,1,"Skipped"
"what is diabetes ?","what is diabetes ?",0.3707393407821655,0.3707393407821655,2,2,2,2,"Failed"
"when was president [[kennedy]] shot ?","when was president [[1960]] shot ?",0.450275182723999,0.5782707929611206,5,5,5,6,"Failed"
"what is tmj ?","what is tmj ?",0.9382344484329224,0.9382344484329224,2,2,0,1,"Skipped"
"what [[color]] is yak milk ?","what [[colours]] is yak milk ?",0.532101035118103,0.7660167813301086,1,5,1,16,"Successful"
"what [[date]] was dwight d. eisenhower born ?","what [[point]] was dwight d. eisenhower born ?",0.3494899868965149,0.6904867887496948,5,4,5,45,"Successful"
"what does the technical term isdn mean ?","what does the technical term isdn mean ?",0.6049851775169373,0.6049851775169373,2,2,0,1,"Skipped"
"why is the [[sun]] yellow ?","why is the [[yellow]] yellow ?",0.27897846698760986,0.48962098360061646,2,2,2,21,"Failed"
"what is the [[conversion]] [[rate]] between dollars and pounds ?","what is the [[equivalent]] [[how]] between dollars and pounds ?",0.03222692012786865,0.38465362787246704,5,5,5,23,"Failed"
"when was abraham lincoln born ?","when was abraham lincoln born ?",0.5670692324638367,0.5670692324638367,3,3,5,1,"Skipped"
"what is the milky way ?","what is the milky way ?",0.6995278596878052,0.6995278596878052,1,1,2,1,"Skipped"
"what is mold ?","what is mold ?",0.6650470495223999,0.6650470495223999,1,1,2,1,"Skipped"
"what [[year]] was mozart born ?","what [[the]] was mozart born ?",0.22676706314086914,0.7386053204536438,5,3,5,39,"Successful"
"what is a [[group]] of frogs called ?","what is a [[number]] of frogs called ?",0.3267786502838135,0.8242945671081543,1,5,1,45,"Successful"
"what is the name of william penn 's ship ?","what is the name of william penn 's ship ?",0.7582995891571045,0.7582995891571045,3,3,1,1,"Skipped"
"what is the [[melting]] [[point]] of gold ?","what is the [[melt]] [[type]] of gold ?",0.007787883281707764,0.9269242286682129,5,1,5,14,"Successful"
"what is the [[street]] address of the white house ?","what is the [[time]] address of the white house ?",0.179998517036438,0.6490333080291748,4,5,4,46,"Successful"
"what is semolina ?","what is semolina ?",0.6040962934494019,0.6040962934494019,1,1,2,1,"Skipped"
"what [[fruit]] is melba sauce made from ?","what [[orchards]] is melba sauce made from ?",0.30595099925994873,0.6169255971908569,1,1,1,8,"Failed"
"what is ursa major ?","what is ursa major ?",0.8264234662055969,0.8264234662055969,1,1,2,1,"Skipped"
"what is the [[percentage]] of water [[content]] in the human body ?","what is the [[method]] of water [[contents]] in the human body ?",0.004143118858337402,0.8247612118721008,5,2,5,49,"Successful"
"how [[much]] does water weigh ?","how [[about]] does water weigh ?",0.003072977066040039,0.39867717027664185,5,5,5,42,"Failed"
"what was president lyndon johnson 's reform program called ?","what was president lyndon johnson 's reform program called ?",0.7934491038322449,0.7934491038322449,2,2,1,1,"Skipped"
"what is the murder [[rate]] in windsor , ontario ?","what is the murder [[crime]] in windsor , ontario ?",0.10624551773071289,0.7396172285079956,5,4,5,40,"Successful"
"who is the only president to [[serve]] 2 non-consecutive [[terms]] ?","who is the only president to [[be]] 2 non-consecutive [[lengths]] ?",0.10548979043960571,0.41895854473114014,3,3,3,62,"Failed"
"what is the [[population]] of australia ?","what is the [[people]] of australia ?",0.22080475091934204,0.9576011300086975,5,3,5,7,"Successful"
"who painted the ceiling of the [[sistine]] [[chapel]] ?","who painted the ceiling of the [[virgin]]: [[frescoes]] ?",0.08269119262695312,0.19023698568344116,3,3,3,55,"Failed"
"name a stimulant .","name a stimulant .",0.605211615562439,0.605211615562439,2,2,1,1,"Skipped"
"what is the [[effect]] of volcanoes on the climate ?","what is the [[does]] of volcanoes on the climate ?",0.15890967845916748,0.7155954837799072,2,1,2,49,"Successful"
"what [[year]] did the andy griffith show begin ?","what [[one]] did the andy griffith show begin ?",0.2526305913925171,0.9528590440750122,5,1,5,48,"Successful"
"what is acid [[rain]] ?","what is acid [[rains]] ?",0.3794727921485901,0.4235938787460327,2,2,2,8,"Failed"
"what is the [[date]] of mexico 's independence ?","what is the [[night]] of mexico 's independence ?",0.3084025979042053,0.7601094245910645,5,1,5,46,"Successful"
"what is the [[location]] of lake champlain ?","what is the [[area]] of lake champlain ?",0.0287245512008667,0.7537980675697327,4,5,4,44,"Successful"
"what is the illinois state [[flower]] ?","what is the illinois state [[name]] ?",0.6028532981872559,0.7341428399085999,1,4,1,20,"Successful"
"what is maryland 's state [[bird]] ?","what is maryland 's state [[one]] ?",0.5876573920249939,0.7597760558128357,1,4,1,19,"Successful"
"what is quicksilver ?","what is quicksilver ?",0.7535816431045532,0.7535816431045532,1,1,2,1,"Skipped"
"who wrote `` the [[divine]] comedy '' ?","who wrote `` the [[god]] comedy '' ?",0.07859796285629272,0.11110180616378784,3,3,3,23,"Failed"
"what is the [[speed]] of light ?","what is the [[quick]] of light ?",0.004435598850250244,0.9308900833129883,5,2,5,10,"Successful"
"what is the [[width]] of a football field ?","what is the [[side]] of a football field ?",0.006512880325317383,0.5869104266166687,5,5,5,24,"Failed"
"why in tennis are zero points [[called]] [[love]] ?","why in tennis are zero points [[spelled]] [[this]] ?",0.23166698217391968,0.7678701281547546,2,0,2,93,"Successful"
"what [[kind]] of dog was toto in the wizard of oz ?","what [[much]] of dog was toto in the wizard of oz ?",0.3384406566619873,0.8626019358634949,1,5,1,45,"Successful"
"what is a thyroid ?","what is a thyroid ?",0.5739941596984863,0.5739941596984863,1,1,2,1,"Skipped"
"what does ciao mean ?","what does ciao mean ?",0.8535194993019104,0.8535194993019104,0,0,2,1,"Skipped"
"what is the only artery that carries blue blood from the heart to the [[lungs]] ?","what is the only artery that carries blue blood from the heart to the [[south]] ?",0.5259991884231567,0.7054741382598877,1,4,1,49,"Successful"
"how often does [[old]] faithful [[erupt]] at yellowstone national park ?","how often does [[this]] faithful [[beparty]] at yellowstone national park ?",0.15282690525054932,0.8484185338020325,5,1,5,100,"Successful"
"what is acetic acid ?","what is acetic acid ?",0.6944618225097656,0.6944618225097656,1,1,2,1,"Skipped"
"what is the [[elevation]] of st. louis , mo ?","what is the [[elevated]] of st. louis , mo ?",0.30368149280548096,0.995833158493042,5,4,5,28,"Successful"
"what color does litmus paper turn when it comes into contact with a strong acid ?","what color does litmus paper turn when it comes into contact with a strong acid ?",0.7430590391159058,0.7430590391159058,5,5,1,1,"Skipped"
"what are the colors of the german flag ?","what are the colors of the german flag ?",0.7683965563774109,0.7683965563774109,2,2,1,1,"Skipped"
"what is the moulin rouge ?","what is the moulin rouge ?",0.8824057579040527,0.8824057579040527,1,1,2,1,"Skipped"
"what [[soviet]] seaport is on the black sea ?","what [[whose]] seaport is on the black sea ?",0.12433451414108276,0.6477154493331909,4,4,4,33,"Failed"
"what is the atomic [[weight]] of silver ?","what is the atomic [[matter]] of silver ?",0.0145188570022583,0.8328176736831665,5,1,5,44,"Successful"
"what currency do they use in brazil ?","what currency do they use in brazil ?",0.7073350548744202,0.7073350548744202,4,4,1,1,"Skipped"
"what are [[pathogens]] ?","what are [[pathogen]], ?",0.33616429567337036,0.6465878486633301,2,1,2,8,"Successful"
"what is mad cow [[disease]] ?","what is mad cow [[an]] ?",0.36899757385253906,0.6517938375473022,2,1,2,36,"Successful"
"name a [[food]] high in zinc .","name a [[new]] high in zinc .",0.2922484278678894,0.9196367263793945,1,5,1,45,"Successful"
"when did north carolina [[enter]] the union ?","when did north carolina [[betray]] the union ?",0.4455219507217407,0.7181077003479004,5,1,5,52,"Successful"
"where do apple snails [[live]] ?","where do apple snails [[go]] ?",0.2671079635620117,0.740378737449646,4,2,4,49,"Successful"
"what are [[ethics]] ?","what are [[ethical]] ?",0.15719819068908691,0.3788332939147949,2,2,2,3,"Failed"
"what does cpr [[stand]] for ?","what does cpr [[a]] for ?",0.5363023281097412,0.7234532833099365,0,2,0,42,"Successful"
"what is an annuity ?","what is an annuity ?",0.4025120139122009,0.4025120139122009,2,2,2,2,"Failed"
"who killed [[john]] f. kennedy ?","who killed [[who]] f. kennedy ?",0.130490243434906,0.34397751092910767,3,3,3,46,"Failed"
"who was the first vice [[president]] of the u.s. ?","who was the first vice [[republic]] of the u.s. ?",0.06047070026397705,0.319594144821167,3,3,3,47,"Failed"
"what birthstone is [[turquoise]] ?","what birthstone is [[my]] ?",0.4458690881729126,0.7691726088523865,1,3,1,26,"Successful"
"who was the first us president to [[ride]] in an [[automobile]] to his [[inauguration]] ?","who was the first us president to [[riding]] in an [[such]] to his [[opening]] ?",0.08168196678161621,0.6318969130516052,3,1,3,116,"Successful"
"how old was the [[youngest]] [[president]] of the united states ?","how old was the [[youthful]] [[leader]] of the united states ?",0.1410733461380005,0.5478470921516418,5,3,5,73,"Successful"
"when was ulysses s. grant born ?","when was ulysses s. grant born ?",0.5897330641746521,0.5897330641746521,3,3,5,1,"Skipped"
"what is muscular [[dystrophy]] ?","what is muscular [[dystrophow]] ?",0.25300586223602295,0.37751758098602295,2,2,2,16,"Failed"
"who lived in the neuschwanstein [[castle]] ?","who lived in the neuschwanstein [[place]] ?",0.1565302014350891,0.2154144048690796,3,3,3,11,"Failed"
"what is propylene glycol ?","what is propylene glycol ?",0.5547424554824829,0.5547424554824829,1,1,2,1,"Skipped"
"what is a panic [[disorder]] ?","what is a panic [[thing]] ?",0.2267533540725708,0.6210594177246094,2,1,2,28,"Successful"
"who invented the instant polaroid [[camera]] ?","who invented the instant polaroid [[from]] ?",0.0768963098526001,0.19932621717453003,3,3,3,46,"Failed"
"what is a [[carcinogen]] ?","what is a [[carcinogens]] ?",0.42349499464035034,0.6222795248031616,2,1,2,4,"Successful"
"what is a baby [[lion]] called ?","what is a baby [[lions]] called ?",0.5969643592834473,0.6045607328414917,1,1,1,6,"Failed"
"what is the world 's [[population]] ?","what is the world 's [[people]] ?",0.05920851230621338,0.9226421117782593,5,4,5,6,"Successful"
"what is nepotism ?","what is nepotism ?",0.284496009349823,0.284496009349823,2,2,2,2,"Failed"
"what is [[die-casting]] ?","what is [[die-dying]] ?",0.39008885622024536,0.6993412971496582,2,0,2,13,"Successful"
"what is myopia ?","what is myopia ?",0.3266083002090454,0.3266083002090454,2,2,2,2,"Failed"
"what is the sales tax rate in [[new]] [[york]] ?","what is the sales tax rate in [[in]] [[there]] ?",0.012796282768249512,0.25930511951446533,5,5,5,88,"Failed"
"developing nations comprise what [[percentage]] of the world 's population ?","developing nations comprise what [[majority]] of the world 's population ?",0.01575446128845215,0.5258138179779053,5,5,5,25,"Failed"
"what is the fourth highest [[mountain]] in the world ?","what is the fourth highest [[so]] in the world ?",0.3823698163032532,0.869115948677063,4,5,4,34,"Successful"
"what is shakespeare 's [[nickname]] ?","what is shakespeare 's [[moniker]] ?",0.15804004669189453,0.428669810295105,3,3,3,10,"Failed"
"what is the heaviest naturally occurring element ?","what is the heaviest naturally occurring element ?",0.8336901664733887,0.8336901664733887,5,5,1,1,"Skipped"
"when is father 's [[day]] ?","when is father 's [[on]] ?",0.5776519179344177,0.7122204303741455,5,1,5,38,"Successful"
"what does the acronym nasa stand for ?","what does the acronym nasa stand for ?",0.6334788799285889,0.6334788799285889,1,1,0,1,"Skipped"
"how long is the columbia river in [[miles]] ?","how long is the columbia river in [[them]] ?",0.008463740348815918,0.5893701314926147,5,5,5,59,"Failed"
"what [[city]] 's newspaper is called `` the star '' ?","what [[metropolitan]] 's newspaper is called `` the star '' ?",0.5725600123405457,0.6293428540229797,4,1,4,43,"Successful"
"what is carbon dioxide ?","what is carbon dioxide ?",0.6674071550369263,0.6674071550369263,1,1,2,1,"Skipped"
"where is the mason/[[dixon]] line ?","where is the mason/[[marriage]] line ?",0.04540050029754639,0.463203489780426,4,4,4,31,"Failed"
"when was the boston [[tea]] party ?","when was the boston [[t]] party ?",0.46401190757751465,0.6701553463935852,5,1,5,6,"Successful"
"what is metabolism ?","what is metabolism ?",0.31827062368392944,0.31827062368392944,2,2,2,2,"Failed"
"which u.s.a. president appeared on [[``]] [[laugh-in]] '' ?","which u.s.a. president appeared on [[`]]{ [[laugh-]]. '' ?",0.11474120616912842,0.44629883766174316,3,3,3,99,"Failed"
"what are cigarettes [[made]] of ?","what are cigarettes [[really]] of ?",0.4682285189628601,0.7049574851989746,1,2,1,46,"Successful"
"what is the [[capital]] of zimbabwe ?","what is the [[capitals]] of zimbabwe ?",0.0977829098701477,0.27486515045166016,4,4,4,7,"Failed"
"what does nasa stand for ?","what does nasa stand for ?",0.7384982109069824,0.7384982109069824,1,1,0,1,"Skipped"
"what is the state [[flower]] of michigan ?","what is the state [[roses]] of michigan ?",0.6154892444610596,0.6780264377593994,1,4,1,23,"Successful"
"what are [[semiconductors]] ?","what are [[semiconductor]], ?",0.3287060856819153,0.6629499197006226,2,1,2,12,"Successful"
"what is nuclear [[power]] ?","what is nuclear [[to]] ?",0.3961032032966614,0.7334787845611572,2,0,2,32,"Successful"
"what is a tsunami ?","what is a tsunami ?",0.4074261784553528,0.4074261784553528,2,2,2,2,"Failed"
"who is the [[congressman]] from state of texas on the armed forces committee ?","who is the [[chamber]] from state of texas on the armed forces committee ?",0.2949846386909485,0.302864134311676,3,3,3,99,"Failed"
"who was [[president]] in 1913 ?","who was [[presidential]] in 1913 ?",0.3014785051345825,0.3361756205558777,3,3,3,10,"Failed"
"when was the [[first]] kidney transplant ?","when was the [[event]] kidney transplant ?",0.26156747341156006,0.6587706208229065,5,1,5,51,"Successful"
"what are canada 's two [[territories]] ?","what are canada 's two [[lands]] ?",0.4872743487358093,0.6632750034332275,4,4,4,8,"Failed"
"what was the name of the [[plane]] lindbergh flew solo across the atlantic ?","what was the name of the [[the]] lindbergh flew solo across the atlantic ?",0.6863875985145569,0.8740857243537903,1,3,1,54,"Successful"
"what is genocide ?","what is genocide ?",0.4068155884742737,0.4068155884742737,2,2,2,2,"Failed"
"what [[continent]] is argentina on ?","what [[continents]] is argentina on ?",0.11949819326400757,0.2611812353134155,4,4,4,4,"Failed"
"what monastery was raided by vikings in the late eighth century ?","what monastery was raided by vikings in the late eighth century ?",0.8595506548881531,0.8595506548881531,4,4,1,1,"Skipped"
"what is an [[earthquake]] ?","what is an [[earthquakes]] ?",0.3080083727836609,0.32487231492996216,2,2,2,3,"Failed"
"where is the tallest [[roller]] coaster [[located]] ?","where is the tallest [[haunted]] coaster [[where]] ?",0.05671894550323486,0.17844706773757935,4,4,4,69,"Failed"
"what are [[enzymes]] ?","what are [[enzyme]] ?",0.31754404306411743,0.4025108218193054,2,2,2,3,"Failed"
"who [[discovered]] oxygen ?","who [[known]] oxygen ?",0.07644647359848022,0.11034572124481201,3,3,3,12,"Failed"
"what is [[bangers]] and mash ?","what is [[bangz]] and mash ?",0.3553037643432617,0.739139199256897,2,1,2,23,"Successful"
"what is the name given to the tiger at louisiana state university ?","what is the name given to the tiger at louisiana state university ?",0.673778772354126,0.673778772354126,3,3,1,1,"Skipped"
"where are the british crown [[jewels]] [[kept]] ?","where are the british crown [[what]] [[with]] ?",0.0687936544418335,0.5720484852790833,4,4,4,30,"Failed"
"who was the first person to [[reach]] the north [[pole]] ?","who was the first person to [[attain]] the north [[warming]] ?",0.058122336864471436,0.08349353075027466,3,3,3,26,"Failed"
"what is an ulcer ?","what is an ulcer ?",0.42194199562072754,0.42194199562072754,2,2,2,2,"Failed"
"what is vertigo ?","what is vertigo ?",0.37427645921707153,0.37427645921707153,2,2,2,2,"Failed"
"what is the spirometer [[test]] ?","what is the spirometer [[tested]] ?",0.27231085300445557,0.5976532101631165,2,1,2,6,"Successful"
"when is the official [[first]] day of summer ?","when is the official [[only]] day of summer ?",0.47089242935180664,0.6545534133911133,5,1,5,46,"Successful"
"what does the [[abbreviation]] sos mean ?","what does the [[heading]] sos mean ?",0.24751651287078857,0.6750866174697876,0,2,0,19,"Successful"
"what is the smallest [[bird]] in britain ?","what is the smallest [[flew]] in britain ?",0.6572600603103638,0.7498562335968018,1,4,1,13,"Successful"
"who [[invented]] trivial pursuit ?","who [[made]] trivial pursuit ?",0.1074630618095398,0.13666558265686035,3,3,3,7,"Failed"
"what gasses are in the [[troposphere]] ?","what gasses are in the [[tropemitted]] ?",0.4446753263473511,0.45666027069091797,1,1,1,22,"Failed"
"which country has the most water [[pollution]] ?","which country has the most water [[by]] ?",0.42165589332580566,0.8612520098686218,4,5,4,37,"Successful"
"what is the [[scientific]] name for elephant ?","what is the [[state]] name for elephant ?",0.30997294187545776,0.5287762880325317,1,1,1,36,"Failed"
"who is the [[actress]] known for her role in the movie `` [[gypsy]] '' ?","who is the [[extra]] known for her role in the movie `` [[romani]] '' ?",0.07107985019683838,0.16015684604644775,3,3,3,47,"Failed"
"what breed of hunting dog did the beverly hillbillies own ?","what breed of hunting dog did the beverly hillbillies own ?",0.607956051826477,0.607956051826477,3,3,1,1,"Skipped"
"what is the rainiest [[place]] on earth ?","what is the rainiest [[thing]] on earth ?",0.140744149684906,0.7870062589645386,4,1,4,38,"Successful"
"who was the first african american to [[win]] the nobel [[prize]] in literature ?","who was the first african american to [[deserved]] the nobel [[thing]] in literature ?",0.08332860469818115,0.14456212520599365,3,3,3,94,"Failed"
"when is st. patrick 's [[day]] ?","when is st. patrick 's [[week]] ?",0.6178774833679199,0.6952252388000488,5,1,5,48,"Successful"
"what was fdr 's dog 's name ?","what was fdr 's dog 's name ?",0.8172112107276917,0.8172112107276917,3,3,1,1,"Skipped"
"what colors need to be mixed to get the color pink ?","what colors need to be mixed to get the color pink ?",0.8243585228919983,0.8243585228919983,5,5,1,1,"Skipped"
"what is the most popular sport in japan ?","what is the most popular sport in japan ?",0.7008110284805298,0.7008110284805298,4,4,1,1,"Skipped"
"what is the active [[ingredient]] in baking soda ?","what is the active [[amount]] in baking soda ?",0.3472635746002197,0.984088122844696,1,5,1,46,"Successful"
"when was thomas jefferson born ?","when was thomas jefferson born ?",0.621918261051178,0.621918261051178,3,3,5,1,"Skipped"
"how [[cold]] should a refrigerator be ?","how [[that]] should a refrigerator be ?",0.022433161735534668,0.7125654816627502,5,2,5,39,"Successful"
"when was the [[telephone]] invented ?","when was the [[to]] invented ?",0.46595972776412964,0.6183655858039856,5,5,5,13,"Failed"
"what is the most common eye color ?","what is the most common eye color ?",0.7384586334228516,0.7384586334228516,5,5,1,1,"Skipped"
"where was the [[first]] [[golf]] course in the united states ?","where was the [[leading]] [[that]] course in the united states ?",0.0414661169052124,0.17095351219177246,4,4,4,25,"Failed"
"what is schizophrenia ?","what is schizophrenia ?",0.28324538469314575,0.28324538469314575,2,2,2,2,"Failed"
"what is angiotensin ?","what is angiotensin ?",0.5845060348510742,0.5845060348510742,1,1,2,1,"Skipped"
"what did jesse jackson [[organize]] ?","what did jesse jackson [[organizing]] ?",0.5067753195762634,0.6731065511703491,3,2,3,42,"Successful"
"what is new york 's state [[bird]] ?","what is new york 's state [[heron]] ?",0.5561600923538208,0.6143280863761902,1,1,1,11,"Failed"
"what is the national [[park]] in utah ?","what is the national [[wildlife]] in utah ?",0.09981095790863037,0.7040776014328003,4,1,4,27,"Successful"
"what is susan b. anthony 's birthday ?","what is susan b. anthony 's birthday ?",0.5798728466033936,0.5798728466033936,3,3,5,1,"Skipped"
"in which state [[would]] you [[find]] the catskill mountains ?","in which state [[d]] you [[miss]] the catskill mountains ?",0.0887981653213501,0.3942713737487793,4,4,4,69,"Failed"
"what do you call a word that is spelled the same backwards and forwards ?","what do you call a word that is spelled the same backwards and forwards ?",0.7286567687988281,0.7286567687988281,0,0,1,1,"Skipped"
"what are [[pediatricians]] ?","what are [[pediatrician]] ?",0.5009554624557495,0.7183184623718262,2,3,2,13,"Successful"
"what chain store is headquartered in bentonville , arkansas ?","what chain store is headquartered in bentonville , arkansas ?",0.9100690484046936,0.9100690484046936,4,4,3,1,"Skipped"
"what are solar [[cells]] ?","what are solar [[ones]] ?",0.3386349678039551,0.7403948307037354,2,1,2,16,"Successful"
"what is [[compounded]] interest ?","what is [[compoundthis]] interest ?",0.38027459383010864,0.6279186010360718,2,0,2,15,"Successful"
"what are capers ?","what are capers ?",0.4146490693092346,0.4146490693092346,2,2,2,2,"Failed"
"what is an [[antigen]] ?","what is an [[antibody]] ?",0.4970681071281433,0.519645631313324,2,1,2,3,"Successful"
"what currency does luxembourg use ?","what currency does luxembourg use ?",0.7005707025527954,0.7005707025527954,4,4,1,1,"Skipped"
"what is the [[population]] of venezuela ?","what is the [[people]] of venezuela ?",0.22903293371200562,0.9484992623329163,5,3,5,18,"Successful"
"what type of polymer is used for [[bulletproof]] [[vests]] ?","what type of polymer is used for [[bulletarmed]] [[vest]]"" ?",0.37738728523254395,0.4106028079986572,1,1,1,59,"Failed"
"what currency does argentina [[use]] ?","what currency does argentina [[on]] ?",0.6848992705345154,0.7300950288772583,1,4,1,50,"Successful"
"what is a thermometer ?","what is a thermometer ?",0.6887893676757812,0.6887893676757812,1,1,2,1,"Skipped"
"what [[canadian]] [[city]] has the largest population ?","what [[smaller]] [[cities]] has the largest population ?",0.16449755430221558,0.6277707815170288,4,4,4,34,"Failed"
"what color are [[crickets]] ?","what color are [[cricket]]? ?",0.5318220257759094,0.6956179141998291,1,5,1,7,"Successful"
"which [[country]] gave new york the statue of liberty ?","which [[america]] gave new york the statue of liberty ?",0.5149005651473999,0.7295904159545898,4,3,4,53,"Successful"
"what was the name of the first u.s. [[satellite]] sent into space ?","what was the name of the first u.s. [[second]] sent into space ?",0.6577326059341431,0.8471980690956116,1,3,1,43,"Successful"
"what precious stone is a form of pure [[carbon]] ?","what precious stone is a form of pure [[art]] ?",0.24822348356246948,0.5390313863754272,1,1,1,33,"Failed"
"what [[kind]] of gas is in a fluorescent bulb ?","what [[do]] of gas is in a fluorescent bulb ?",0.4163530468940735,0.8558380603790283,1,5,1,46,"Successful"
"what is [[rheumatoid]] arthritis ?","what is [[rheumatoagainst]] arthritis ?",0.2606853246688843,0.7615253925323486,2,1,2,50,"Successful"
"what [[river]] runs through rowe , italy ?","what [[man]] runs through rowe , italy ?",0.1314373016357422,0.761408805847168,4,3,4,26,"Successful"
"what is cerebral palsy ?","what is cerebral palsy ?",0.19790780544281006,0.19790780544281006,2,2,2,3,"Failed"
"what [[city]] is also known as `` the gateway to the west '' ?","what [[and]] is also known as `` the gateway to the west '' ?",0.2635456919670105,0.5488027334213257,4,4,4,31,"Failed"
"how far away is the [[moon]] ?","how far away is the [[planet]] ?",0.0838017463684082,0.2688753604888916,5,5,5,7,"Failed"
"what is the [[source]] of natural gas ?","what is the [[sources]] of natural gas ?",0.3854844570159912,0.6669086217880249,1,2,1,38,"Successful"
"in what [[spacecraft]] did u.s. astronaut alan shepard make his historic 1961 flight ?","in what [[space]] did u.s. astronaut alan shepard make his historic 1961 flight ?",0.5542246103286743,0.9382695555686951,1,4,1,44,"Successful"
"what is pectin ?","what is pectin ?",0.6893136501312256,0.6893136501312256,1,1,2,1,"Skipped"
"what is bio-diversity ?","what is bio-diversity ?",0.201107919216156,0.201107919216156,2,2,2,2,"Failed"
"what 's the easiest way to remove wallpaper ?","what 's the easiest way to remove wallpaper ?",0.8676296472549438,0.8676296472549438,2,2,1,1,"Skipped"
"what [[year]] did the titanic start on its journey ?","what [[before]] did the titanic start on its journey ?",0.11116433143615723,0.7638800144195557,5,1,5,45,"Successful"
"how [[much]] of an apple is water ?","how [[well]] of an apple is water ?",0.018249154090881348,0.610451340675354,5,1,5,50,"Successful"
"who was the 22nd [[president]] of the us ?","who was the 22nd [[government]] of the us ?",0.05955696105957031,0.34147709608078003,3,3,3,43,"Failed"
"what is the money they [[use]] in zambia ?","what is the money they [[put]] in zambia ?",0.6465491056442261,0.783955454826355,1,5,1,49,"Successful"
"how [[many]] feet in a mile ?","how [[those]] feet in a mile ?",0.0028647184371948242,0.32109248638153076,5,5,5,28,"Failed"
"what is the birthstone of [[october]] ?","what is the birthstone of [[the]] ?",0.6679462194442749,0.7732528448104858,1,3,1,30,"Successful"
"what is e-coli ?","what is e-coli ?",0.4592244029045105,0.4592244029045105,2,2,2,2,"Failed"
